id,display_name,total_donors,image_url,party,race_type,first_name,last_name,incumbent
S0OK00370,ABBY BROYLES (OK-SEN),22821,S0OK00370.jpg,DEM,senate,ABBY,BROYLES,CHALLENGER
H8IA01094,ABBY FINKENAUER (IA-01),21060,H8IA01094.jpg,DEM,house,ABBY,FINKENAUER,INCUMBENT
H8VA07094,ABIGAIL SPANBERGER (VA-07),30198,H8VA07094.jpg,DEM,house,ABIGAIL,SPANBERGER,INCUMBENT
H0SC02061,ADAIR BOROUGHS (SC-02),23418,H0SC02061.jpg,DEM,house,ADAIR,BOROUGHS,CHALLENGER
H0FL03183,ADAM CHRISTENSEN (FL-03),5611,H0FL03183.jpg,DEM,house,ADAM,CHRISTENSEN,OPEN
H0CA27085,ADAM SCHIFF (CA-28),199174,H0CA27085.jpg,DEM,house,ADAM,SCHIFF,INCUMBENT
S0LA00386,ADRIAN PERKINS (LA-SEN),34184,S0LA00386.jpg,DEM,senate,ADRIAN,PERKINS,CHALLENGER
S0AK00196,AL GROSS (AK-SEN),340921,S0AK00196.jpg,IND,senate,AL,GROSS,CHALLENGER
H0OH12179,ALAINA SHEARER (OH-12),5450,H0OH12179.jpg,DEM,house,ALAINA,SHEARER,CHALLENGER
H4FL15155,ALAN MICHAEL COHN (FL-15),8913,H4FL15155.jpg,DEM,house,ALAN MICHAEL,COHN,CHALLENGER
H0OR04107,ALEK SKARLATOS (OR-04),11634,H0OR04107.jpg,REP,house,ALEK,SKARLATOS,CHALLENGER
H0MA01081,ALEX MORSE (MA-01),29112,H0MA01081.jpg,DEM,house,ALEX,MORSE,
H8NY15148,ALEXANDRIA OCASIO-CORTEZ (NY-14),381232,H8NY15148.jpg,DEM,house,ALEXANDRIA,OCASIO-CORTEZ,INCUMBENT
H8CA50098,AMMAR CAMPA-NAJJAR (CA-50),44995,H8CA50098.jpg,DEM,house,AMMAR,CAMPA-NAJJAR,CHALLENGER
H0NJ02171,AMY KENNEDY (NJ-02),16169,H0NJ02171.jpg,DEM,house,AMY,KENNEDY,CHALLENGER
P80006117,AMY KLOBUCHAR (USA),374485,P80006117.jpg,DEM,president,AMY,KLOBUCHAR,CHALLENGER
S0KY00339,AMY MCGRATH (KY-SEN),999084,S0KY00339.jpg,DEM,senate,AMY,MCGRATH,CHALLENGER
H0NY02234,ANDREW GARBARINO (NY-02),8899,H0NY02234.jpg,REP,house,ANDREW,GARBARINO,OPEN
S0CO00286,ANDREW ROMANOFF (CO-SEN),20476,S0CO00286.jpg,DEM,senate,ANDREW,ROMANOFF,CHALLENGER
P00006486,ANDREW YANG (USA),333486,P00006486.jpg,DEM,president,ANDREW,YANG,CHALLENGER
H0KY06104,ANDY BARR (KY-06),12389,H0KY06104.jpg,REP,house,ANDY,BARR,INCUMBENT
H8NJ03206,ANDY KIM (NJ-03),18966,H8NJ03206.jpg,DEM,house,ANDY,KIM,INCUMBENT
H6MN02131,ANGELA CRAIG (MN-02),13387,H6MN02131.jpg,DEM,house,ANGELA,CRAIG,INCUMBENT
H8AZ01104,ANN KIRKPATRICK (AZ-02),10203,H8AZ01104.jpg,DEM,house,ANN,KIRKPATRICK,INCUMBENT
H2MO02102,ANN WAGNER (MO-02),16174,H2MO02102.jpg,REP,house,ANN,WAGNER,INCUMBENT
H0FL13158,ANNA PAULINA LUNA (FL-13),27312,H0FL13158.jpg,REP,house,ANNA,PAULINA LUNA,CHALLENGER
H8NY22151,ANTHONY BRINDISI (NY-22),15965,H8NY22151.jpg,DEM,house,ANTHONY,BRINDISI,INCUMBENT
H0MN05210,ANTONE MELTON-MEAUX (MN-05),7856,H0MN05210.jpg,DFL,house,ANTONE,MELTON-MEAUX,CHALLENGER
H8NY19181,ANTONIO DELGADO (NY-19),14814,H8NY19181.jpg,DEM,house,ANTONIO,DELGADO,INCUMBENT
H0NJ05208,ARATI KREIBICH (NJ-05),13741,H0NJ05208.jpg,DEM,house,ARATI,KREIBICH,
H0IA01174,ASHLEY ARENHOLZ (IA-01),18007,H0IA01174.jpg,REP,house,ASHLEY,ARENHOLZ,CHALLENGER
H8CA01257,AUDREY DENNEY (CA-01),14193,H8CA01257.jpg,DEM,house,AUDREY,DENNEY,CHALLENGER
H8MA07032,AYANNA PRESSLEY (MA-07),43105,H8MA07032.jpg,DEM,house,AYANNA,PRESSLEY,INCUMBENT
S0KS00323,BARBARA BOLLIER (KS-SEN),399892,S0KS00323.jpg,DEM,senate,BARBARA,BOLLIER,OPEN
H8CA09060,BARBARA LEE (CA-13),6480,H8CA09060.jpg,DEM,house,BARBARA,LEE,INCUMBENT
S0NM00058,BEN LUJAN (NM-SEN),59216,S0NM00058.jpg,DEM,senate,BEN,LUJAN,OPEN
H8UT04053,BEN MCADAMS (UT-04),15883,H8UT04053.jpg,DEM,house,BEN,MCADAMS,INCUMBENT
S4NE00090,BENJAMIN SASSE (NE-SEN),5656,S4NE00090.jpg,REP,senate,BENJAMIN,SASSE,INCUMBENT
P60007168,BERNARD SANDERS (USA),1916561,P60007168.jpg,DEM,president,BERNARD,SANDERS,CHALLENGER
H0WA10075,BETH DOGLIO (WA-10),15576,H0WA10075.jpg,DEM,house,BETH,DOGLIO,OPEN
H8IL13150,BETSY LONDRIGAN (IL-13),10686,H8IL13150.jpg,DEM,house,BETSY,LONDRIGAN,CHALLENGER
S0ME00103,BETSY SWEET (ME-SEN),7011,S0ME00103.jpg,DEM,senate,BETSY,SWEET,CHALLENGER
P00012054,BILL DE BLASIO (USA),5365,P00012054.jpg,DEM,president,BILL,DE BLASIO,CHALLENGER
S0TN00169,BILL HAGERTY (TN-SEN),7691,S0TN00169.jpg,REP,senate,BILL,HAGERTY,OPEN
H2OH02085,BRAD WENSTRUP (OH-02),5033,H2OH02085.jpg,REP,house,BRAD,WENSTRUP,INCUMBENT
H2IL10068,BRADLEY SCHNEIDER (IL-10),5194,H2IL10068.jpg,DEM,house,BRADLEY,SCHNEIDER,INCUMBENT
H6PA08277,BRIAN FITZPATRICK (PA-01),16704,H6PA08277.jpg,REP,house,BRIAN,FITZPATRICK,INCUMBENT
H6FL18097,BRIAN MAST (FL-18),23693,H6FL18097.jpg,REP,house,BRIAN,MAST,INCUMBENT
H0VA05145,BRYANT WEBB (VA-05),38348,H0VA05145.jpg,DEM,house,BRYANT,WEBB,CHALLENGER
H0CA04175,BRYNNE KENNEDY (CA-04),6630,H0CA04175.jpg,DEM,house,BRYNNE,KENNEDY,CHALLENGER
H0UT04076,BURGESS OWENS (UT-04),31255,H0UT04076.jpg,REP,house,BURGESS,OWENS,CHALLENGER
H0FL19205,BYRON DONALDS (FL-19),10407,H0FL19205.jpg,REP,house,BYRON,DONALDS,OPEN
S0NC00202,CAL CUNNINGHAM (NC-SEN),559010,S0NC00202.jpg,DEM,senate,CAL,CUNNINGHAM,CHALLENGER
H0TX24175,CANDACE VALENZUELA (TX-24),33324,H0TX24175.jpg,DEM,house,CANDACE,VALENZUELA,CHALLENGER
H0FL26036,CARLOS GIMENEZ (FL-26),7960,H0FL26036.jpg,REP,house,CARLOS,GIMENEZ,CHALLENGER
H8WV03097,CAROL MILLER (WV-03),7278,H8WV03097.jpg,REP,house,CAROL,MILLER,INCUMBENT
H8GA07201,CAROLYN BOURDEAUX (GA-07),19706,H8GA07201.jpg,DEM,house,CAROLYN,BOURDEAUX,OPEN
H8WA03198,CAROLYN LONG (WA-03),11358,H8WA03198.jpg,DEM,house,CAROLYN,LONG,CHALLENGER
H4WA05077,CATHY MCMORRIS RODGERS (WA-05),12151,H4WA05077.jpg,REP,house,CATHY,MCMORRIS RODGERS,INCUMBENT
H0AR03105,CELESTE WILLIAMS (AR-03),5161,H0AR03105.jpg,DEM,house,CELESTE,WILLIAMS,CHALLENGER
H0CA25170,CENK UYGUR (CA-25),5565,H0CA25170.jpg,DEM,house,CENK,UYGUR,CHALLENGER
S0KY00420,CHARLES BOOKER (KY-SEN),124058,S0KY00420.jpg,DEM,senate,CHARLES,BOOKER,CHALLENGER
H2IL17071,CHERI BUSTOS (IL-17),14222,H2IL17071.jpg,DEM,house,CHERI,BUSTOS,INCUMBENT
H8TX21307,CHIP ROY (TX-21),11402,H8TX21307.jpg,REP,house,CHIP,ROY,INCUMBENT
H8NH01210,CHRIS PAPPAS (NH-01),9495,H8NH01210.jpg,DEM,house,CHRIS,PAPPAS,INCUMBENT
H8PA06087,CHRISSY HOULAHAN (PA-06),6761,H8PA06087.jpg,DEM,house,CHRISSY,HOULAHAN,INCUMBENT
H0PA01325,CHRISTINA FINELLO (PA-01),13542,H0PA01325.jpg,DEM,house,CHRISTINA,FINELLO,
H0IN05219,CHRISTINA HALE (IN-05),12395,H0IN05219.jpg,DEM,house,CHRISTINA,HALE,OPEN
S0DE00092,CHRISTOPHER COONS (DE-SEN),8265,S0DE00092.jpg,DEM,senate,CHRISTOPHER,COONS,INCUMBENT
H0CA25154,CHRISTY SMITH (CA-25),38194,H0CA25154.jpg,DEM,house,CHRISTY,SMITH,CHALLENGER
S8MS00261,CINDY HYDE-SMITH (MS-SEN),9602,S8MS00261.jpg,REP,senate,CINDY,HYDE-SMITH,CHALLENGER
H8TX32098,COLIN ALLRED (TX-32),19302,H8TX32098.jpg,DEM,house,COLIN,ALLRED,INCUMBENT
H8PA18181,CONOR LAMB (PA-17),13718,H8PA18181.jpg,DEM,house,CONOR,LAMB,INCUMBENT
H8MO01143,CORI BUSH (MO-01),27969,H8MO01143.jpg,DEM,house,CORI,BUSH,CHALLENGER
S4NJ00185,CORY BOOKER (NJ-SEN),49851,S4NJ00185.jpg,DEM,senate,CORY,BOOKER,INCUMBENT
P00009795,CORY BOOKER (USA),184761,P00009795.jpg,DEM,president,CORY,BOOKER,CHALLENGER
S4CO00395,CORY GARDNER (CO-SEN),92591,S4CO00395.jpg,REP,senate,CORY,GARDNER,INCUMBENT
S8TX00459,CRISTINA TZINTZUN RAMIREZ (TX-SEN),12227,S8TX00459.jpg,DEM,senate,CRISTINA,TZINTZUN RAMIREZ,CHALLENGER
H8IA03124,CYNTHIA AXNE (IA-03),20915,H8IA03124.jpg,DEM,house,CYNTHIA,AXNE,INCUMBENT
S0SD00070,DAN AHLERS (SD-SEN),7580,S0SD00070.jpg,DEM,senate,DAN,AHLERS,CHALLENGER
S0CO00500,DAN BAER (CO-SEN),5892,S0CO00500.jpg,DEM,senate,DAN,BAER,CHALLENGER
H0NV03132,DAN RODIMER (NV-03),20703,H0NV03132.jpg,REP,house,DAN,RODIMER,CHALLENGER
S4AK00214,DAN SULLIVAN (AK-SEN),18985,S4AK00214.jpg,REP,senate,DAN,SULLIVAN,INCUMBENT
H8NY24090,DANA BALTER (NY-24),10707,H8NY24090.jpg,DEM,house,DANA,BALTER,CHALLENGER
H8TX02166,DANIEL CRENSHAW (TX-02),30887,H8TX02166.jpg,REP,house,DANIEL,CRENSHAW,INCUMBENT
S0VA00146,DANIEL GADE (VA-SEN),9090,S0VA00146.jpg,REP,senate,DANIEL,GADE,CHALLENGER
H8NC09123,DANIEL MCCREADY (NC-09),5000,H8NC09123.jpg,DEM,house,DANIEL,MCCREADY,OPEN
H0CA50178,DARRELL ISSA (CA-50),6617,H0CA50178.jpg,REP,house,DARRELL,ISSA,OPEN
H0NC11233,DAVID MADISON CAWTHORN (NC-11),34178,H0NC11233.jpg,REP,house,DAVID MADISON,CAWTHORN,OPEN
S4GA11285,DAVID PERDUE (GA-SEN),48140,S4GA11285.jpg,REP,senate,DAVID,PERDUE,INCUMBENT
H2CA20094,DAVID VALADAO (CA-21),14607,H2CA20094.jpg,REP,house,DAVID,VALADAO,CHALLENGER
H4IA03115,DAVID YOUNG (IA-03),9165,H4IA03115.jpg,REP,house,DAVID,YOUNG,CHALLENGER
H8MN03143,DEAN PHILLIPS (MN-03),6517,H8MN03143.jpg,DFL,house,DEAN,PHILLIPS,INCUMBENT
H8AZ08158,DEBBIE LESKO (AZ-08),9139,H8AZ08158.jpg,REP,house,DEBBIE,LESKO,INCUMBENT
H8FL26039,DEBBIE MUCARSEL-POWELL (FL-26),24053,H8FL26039.jpg,DEM,house,DEBBIE,MUCARSEL-POWELL,INCUMBENT
H0NC02125,DEBORAH ROSS (NC-02),6910,H0NC02125.jpg,DEM,house,DEBORAH,ROSS,OPEN
H8NM01331,DEBRA HAALAND (NM-01),7170,H8NM01331.jpg,DEM,house,DEBRA,HAALAND,INCUMBENT
H8VA05171,DENVER RIGGLEMAN (VA-05),7746,H8VA05171.jpg,REP,house,DENVER,RIGGLEMAN,INCUMBENT
H0WI03175,DERRICK VAN ORDEN (WI-03),7648,H0WI03175.jpg,REP,house,DERRICK,VAN ORDEN,CHALLENGER
H0OH10116,DESIREE TIMS (OH-10),15395,H0OH10116.jpg,DEM,house,DESIREE,TIMS,CHALLENGER
P00014407,DEVAL PATRICK (USA),6828,P00014407.jpg,DEM,president,DEVAL,PATRICK,CHALLENGER
H8CA20059,DEVIN NUNES (CA-22),65883,H8CA20059.jpg,REP,house,DEVIN,NUNES,INCUMBENT
H8CO03192,DIANE MITSCH BUSH (CO-03),25331,H8CO03192.jpg,DEM,house,DIANE,MITSCH BUSH,CHALLENGER
H6NE02125,DONALD BACON (NE-02),14185,H6NE02125.jpg,REP,house,DONALD,BACON,INCUMBENT
P80001571,DONALD TRUMP (USA),1668758,P80001571.jpg,REP,president,DONALD,TRUMP,INCUMBENT
H6AK00045,DONALD YOUNG (AK-AL),13673,H6AK00045.jpg,REP,house,DONALD,YOUNG,INCUMBENT
H0FL04157,DONNA DEEGAN (FL-04),5469,H0FL04157.jpg,DEM,house,DONNA,DEEGAN,CHALLENGER
H0TX31097,DONNA IMAM (TX-31),12938,H0TX31097.jpg,DEM,house,DONNA,IMAM,CHALLENGER
H8FL27193,DONNA SHALALA (FL-27),7669,H8FL27193.jpg,DEM,house,DONNA,SHALALA,INCUMBENT
S0AL00156,DOUG JONES (AL-SEN),441108,S0AL00156.jpg,DEM,senate,DOUG,JONES,CHALLENGER
S0GA00567,DOUGLAS ALLEN COLLINS (GA-SEN),6828,S0GA00567.jpg,REP,senate,DOUGLAS ALLEN,COLLINS,CHALLENGER
H2GA09150,DOUGLAS COLLINS (GA-09),5149,H2GA09150.jpg,REP,house,DOUGLAS,COLLINS,INCUMBENT
S4MA00028,EDWARD MARKEY (MA-SEN),64723,S4MA00028.jpg,DEM,senate,EDWARD,MARKEY,INCUMBENT
H8VA02111,ELAINE LURIA (VA-02),21310,H8VA02111.jpg,DEM,house,ELAINE,LURIA,INCUMBENT
H4NY21079,ELISE STEFANIK (NY-21),116356,H4NY21079.jpg,REP,house,ELISE,STEFANIK,INCUMBENT
H8MI08102,ELISSA SLOTKIN (MI-08),26724,H8MI08102.jpg,DEM,house,ELISSA,SLOTKIN,INCUMBENT
H6WY00159,ELIZABETH CHENEY (WY-AL),8741,H6WY00159.jpg,REP,house,ELIZABETH,CHENEY,INCUMBENT
H8TX07140,ELIZABETH FLETCHER (TX-07),11368,H8TX07140.jpg,DEM,house,ELIZABETH,FLETCHER,INCUMBENT
H0TX24209,ELIZABETH VAN DUYNE (TX-24),13874,H0TX24209.jpg,REP,house,ELIZABETH,VAN DUYNE,CHALLENGER
P00009621,ELIZABETH WARREN (USA),1058909,P00009621.jpg,DEM,president,ELIZABETH,WARREN,CHALLENGER
H0CA28182,ERIC EARLY (CA-28),10317,H0CA28182.jpg,REP,house,ERIC,EARLY,CHALLENGER
H2CA15094,ERIC SWALWELL (CA-15),12304,H2CA15094.jpg,DEM,house,ERIC,SWALWELL,INCUMBENT
H0TX35015,ERNEST GONZALES (TX-35),8427,H0TX35015.jpg,REP,house,ERNEST,GONZALES,CHALLENGER
H0IL17083,ESTHER KING (IL-17),9678,H0IL17083.jpg,REP,house,ESTHER,KING,CHALLENGER
H0PA10110,EUGENE DEPASQUALE (PA-10),13927,H0PA10110.jpg,DEM,house,EUGENE,DEPASQUALE,CHALLENGER
H6MI04113,FREDERICK UPTON (MI-06),14767,H6MI04113.jpg,REP,house,FREDERICK,UPTON,INCUMBENT
S4MI00355,GARY PETERS (MI-SEN),457945,S4MI00355.jpg,DEM,senate,GARY,PETERS,INCUMBENT
H0TX32087,GENEVIEVE COLLINS (TX-32),12605,H0TX32087.jpg,REP,house,GENEVIEVE,COLLINS,
H0CA53107,GEORGETTE GOMEZ (CA-53),17717,H0CA53107.jpg,DEM,house,GEORGETTE,GOMEZ,OPEN
H8CA39174,GILBERT CISNEROS (CA-39),14063,H8CA39174.jpg,DEM,house,GILBERT,CISNEROS,INCUMBENT
H8TX23121,GINA JONES (TX-23),27735,H8TX23121.jpg,DEM,house,GINA,JONES,CHALLENGER
H4CA45089,GREGORY RATHS (CA-45),6029,H4CA45089.jpg,REP,house,GREGORY,RATHS,CHALLENGER
H8MI11254,HALEY STEVENS (MI-11),13026,H8MI11254.jpg,DEM,house,HALEY,STEVENS,INCUMBENT
H0TX01108,HANK GILBERT (TX-01),12934,H0TX01108.jpg,DEM,house,HANK,GILBERT,CHALLENGER
H8CA48035,HARLEY ROUDA (CA-48),21619,H8CA48035.jpg,DEM,house,HARLEY,ROUDA,INCUMBENT
H0TX03120,HELANE LULU SAWSAN SEIKALY (TX-03),5609,H0TX03120.jpg,DEM,house,HELANE LULU SAWSAN,SEIKALY,CHALLENGER
H0MI03316,HILLARY SCHOLTEN (MI-03),16034,H0MI03316.jpg,DEM,house,HILLARY,SCHOLTEN,CHALLENGER
H8AZ08083,HIRAL TIPIRNENI (AZ-06),23022,H8AZ08083.jpg,DEM,house,HIRAL,TIPIRNENI,CHALLENGER
H8MN05239,ILHAN OMAR (MN-05),121776,H8MN05239.jpg,DFL,house,ILHAN,OMAR,INCUMBENT
H0NY02192,JACQUELINE GORDON (NY-02),14232,H0NY02192.jpg,DEM,house,JACQUELINE,GORDON,CHALLENGER
H8CT05245,JAHANA HAYES (CT-05),7450,H8CT05245.jpg,DEM,house,JAHANA,HAYES,INCUMBENT
S0SC00289,JAIME HARRISON (SC-SEN),1416426,S0SC00289.jpg,DEM,senate,JAIME,HARRISON,CHALLENGER
H0WA03187,JAIME HERRERA BEUTLER (WA-03),23692,H0WA03187.jpg,REP,house,JAIME,HERRERA BEUTLER,INCUMBENT
H0NY16143,JAMAAL BOWMAN (NY-16),53202,H0NY16143.jpg,DEM,house,JAMAAL,BOWMAN,CHALLENGER
H0NC09187,JAMES BISHOP (NC-09),13045,H0NC09187.jpg,REP,house,JAMES,BISHOP,OPEN
H0MN01045,JAMES HAGEDORN (MN-01),13970,H0MN01045.jpg,REP,house,JAMES,HAGEDORN,INCUMBENT
S4OK00083,JAMES INHOFE (OK-SEN),6320,S4OK00083.jpg,REP,senate,JAMES,INHOFE,INCUMBENT
H6OH04082,JAMES JORDAN (OH-04),93369,H6OH04082.jpg,REP,house,JAMES,JORDAN,INCUMBENT
S8TN00311,JAMES MACKLER (TN-SEN),8334,S8TN00311.jpg,DEM,senate,JAMES,MACKLER,OPEN
H8IL14083,JAMES OBERWEIS (IL-14),10973,H8IL14083.jpg,REP,house,JAMES,OBERWEIS,CHALLENGER
H8IA04106,JAMES SCHOLTEN (IA-04),25113,H8IA04106.jpg,DEM,house,JAMES,SCHOLTEN,CHALLENGER
H8ME02185,JARED GOLDEN (ME-02),18176,H8ME02185.jpg,DEM,house,JARED,GOLDEN,INCUMBENT
H8CO06229,JASON CROW (CO-06),11472,H8CO06229.jpg,DEM,house,JASON,CROW,INCUMBENT
S0MN00328,JASON LEWIS (MN-SEN),37726,S0MN00328.jpg,REP,senate,JASON,LEWIS,CHALLENGER
P00010454,JAY INSLEE (USA),65325,P00010454.jpg,DEM,president,JAY,INSLEE,CHALLENGER
H0IL06060,JEANNE IVES (IL-06),15495,H0IL06060.jpg,REP,house,JEANNE,IVES,CHALLENGER
S0NH00219,JEANNE SHAHEEN (NH-SEN),77942,S0NH00219.jpg,DEM,senate,JEANNE,SHAHEEN,INCUMBENT
H8NJ02166,JEFF VAN DREW (NJ-02),29957,H8NJ02166.jpg,REP,house,JEFF,VAN DREW,INCUMBENT
S8OR00207,JEFFREY MERKLEY (OR-SEN),29161,S8OR00207.jpg,DEM,senate,JEFFREY,MERKLEY,INCUMBENT
H0OH04085,JEFFREY SITES (OH-04),6964,H0OH04085.jpg,DEM,house,JEFFREY,SITES,CHALLENGER
H0FL23082,JENNIFER PERELMAN (FL-23),7252,H0FL23082.jpg,DEM,house,JENNIFER,PERELMAN,CHALLENGER
H8VA10106,JENNIFER WEXTON (VA-10),6740,H8VA10106.jpg,DEM,house,JENNIFER,WEXTON,INCUMBENT
H2NY17071,JERROLD NADLER (NY-10),5538,H2NY17071.jpg,DEM,house,JERROLD,NADLER,INCUMBENT
H0TX28077,JESSICA CISNEROS (TX-28),43131,H0TX28077.jpg,DEM,house,JESSICA,CISNEROS,CHALLENGER
S0DE00175,JESSICA SCARANE (DE-SEN),5210,S0DE00175.jpg,DEM,senate,JESSICA,SCARANE,CHALLENGER
H0MO02254,JILL DARLYNE SCHUPP (MO-02),14673,H0MO02254.jpg,DEM,house,JILL DARLYNE,SCHUPP,CHALLENGER
H0NV04015,JIM MARCHANT (NV-04),6467,H0NV04015.jpg,REP,house,JIM,MARCHANT,CHALLENGER
H0CA43108,JOE COLLINS (CA-43),55178,H0CA43108.jpg,REP,house,JOE,COLLINS,CHALLENGER
H8SC01116,JOE CUNNINGHAM (SC-01),23866,H8SC01116.jpg,DEM,house,JOE,CUNNINGHAM,INCUMBENT
H2SC02059,JOE WILSON (SC-02),5962,H2SC02059.jpg,REP,house,JOE,WILSON,INCUMBENT
H6MI01226,JOHN BERGMAN (MI-01),10399,H6MI01226.jpg,REP,house,JOHN,BERGMAN,INCUMBENT
H2TX31044,JOHN CARTER (TX-31),15337,H2TX31044.jpg,REP,house,JOHN,CARTER,INCUMBENT
S2TX00106,JOHN CORNYN (TX-SEN),68793,S2TX00106.jpg,REP,senate,JOHN,CORNYN,INCUMBENT
P00006213,JOHN DELANEY (USA),7506,P00006213.jpg,DEM,president,JOHN,DELANEY,CHALLENGER
S0CO00575,JOHN HICKENLOOPER (CO-SEN),488340,S0CO00575.jpg,DEM,senate,JOHN,HICKENLOOPER,CHALLENGER
P00010520,JOHN HICKENLOOPER (USA),6429,P00010520.jpg,DEM,president,JOHN,HICKENLOOPER,CHALLENGER
S8MI00372,JOHN JAMES (MI-SEN),139741,S8MI00372.jpg,REP,senate,JOHN,JAMES,CHALLENGER
H4NY24073,JOHN KATKO (NY-24),13732,H4NY24073.jpg,REP,house,JOHN,KATKO,INCUMBENT
H6GA05217,JOHN LEWIS (GA-05),59082,H6GA05217.jpg,DEM,house,JOHN,LEWIS,INCUMBENT
H0MI06152,JON HOADLEY (MI-06),12657,H0MI06152.jpg,DEM,house,JON,HOADLEY,CHALLENGER
S8GA00180,JONATHAN OSSOFF (GA-SEN),516724,S8GA00180.jpg,DEM,senate,JONATHAN,OSSOFF,CHALLENGER
S4IA00129,JONI ERNST (IA-SEN),123332,S4IA00129.jpg,REP,senate,JONI,ERNST,INCUMBENT
P80000722,JOSEPH BIDEN (USA),4441063,P80000722.jpg,DEM,president,JOSEPH,BIDEN,CHALLENGER
S0MA00208,JOSEPH KENNEDY (MA-SEN),29924,S0MA00208.jpg,DEM,senate,JOSEPH,KENNEDY,CHALLENGER
H8CA10126,JOSH HARDER (CA-10),19721,H8CA10126.jpg,DEM,house,JOSH,HARDER,INCUMBENT
H0KY06179,JOSH HICKS (KY-06),11546,H0KY06179.jpg,DEM,house,JOSH,HICKS,
H0WA10018,JOSHUA COLLINS (WA-10),8152,H0WA10018.jpg,DEM,house,JOSHUA,COLLINS,CHALLENGER
H0AR02206,JOYCE ANN ELLIOTT (AR-02),25643,H0AR02206.jpg,DEM,house,JOYCE ANN,ELLIOTT,CHALLENGER
H2CA00120,JULIA BROWNLEY (CA-26),5739,H2CA00120.jpg,DEM,house,JULIA,BROWNLEY,INCUMBENT
P00009092,JULIAN CASTRO (USA),142400,P00009092.jpg,DEM,president,JULIAN,CASTRO,CHALLENGER
H8TX25159,JULIE OLIVER (TX-25),20084,H8TX25159.jpg,DEM,house,JULIE,OLIVER,CHALLENGER
H0HI02155,KAIALI'I KAHELE (HI-02),7827,H0HI02155.jpg,DEM,house,KAIALI'I,KAHELE,CHALLENGER
P00009423,KAMALA HARRIS (USA),200013,P00009423.jpg,DEM,president,KAMALA,HARRIS,CHALLENGER
H8NE02220,KARA EASTMAN (NE-02),38346,H8NE02220.jpg,DEM,house,KARA,EASTMAN,CHALLENGER
H8GA06286,KAREN HANDEL (GA-06),13683,H8GA06286.jpg,REP,house,KAREN,HANDEL,CHALLENGER
H0OH01099,KATE SCHRODER (OH-01),12443,H0OH01099.jpg,DEM,house,KATE,SCHRODER,CHALLENGER
H8CA25074,KATHERINE HILL (CA-25),7762,H8CA25074.jpg,DEM,house,KATHERINE,HILL,INCUMBENT
H8CA45130,KATHERINE PORTER (CA-45),200229,H8CA45130.jpg,DEM,house,KATHERINE,PORTER,INCUMBENT
H8MT01232,KATHLEEN WILLIAMS (MT-AL),21204,H8MT01232.jpg,DEM,house,KATHLEEN,WILLIAMS,CHALLENGER
H0PA04279,KATHY BARNETTE (PA-04),6246,H0PA04279.jpg,REP,house,KATHY,BARNETTE,CHALLENGER
H6TX12060,KAY GRANGER (TX-12),8035,H6TX12060.jpg,REP,house,KAY,GRANGER,INCUMBENT
S0GA00526,KELLY LOEFFLER (GA-SEN),15102,S0GA00526.jpg,REP,senate,KELLY,LOEFFLER,INCUMBENT
H8OK05109,KENDRA HORN (OK-05),18970,H8OK05109.jpg,DEM,house,KENDRA,HORN,INCUMBENT
H6CA22125,KEVIN MCCARTHY (CA-23),132311,H6CA22125.jpg,REP,house,KEVIN,MCCARTHY,INCUMBENT
H0CA23167,KIM MANGONE (CA-23),27496,H0CA23167.jpg,DEM,house,KIM,MANGONE,CHALLENGER
H8WA08189,KIM SCHRIER (WA-08),14824,H8WA08189.jpg,DEM,house,KIM,SCHRIER,INCUMBENT
S0IA00168,KIMBERLY GRAHAM (IA-SEN),6021,S0IA00168.jpg,DEM,senate,KIMBERLY,GRAHAM,CHALLENGER
H0MD07197,KIMBERLY KLACIK (MD-07),74015,H0MD07197.jpg,REP,house,KIMBERLY,KLACIK,CHALLENGER
H0TX24167,KIMBERLY OLSON (TX-24),12342,H0TX24167.jpg,DEM,house,KIMBERLY,OLSON,CHALLENGER
P00009290,KIRSTEN GILLIBRAND (USA),50099,P00009290.jpg,DEM,president,KIRSTEN,GILLIBRAND,CHALLENGER
H0MN05178,LACY JOHNSON (MN-05),103299,H0MN05178.jpg,REP,house,LACY,JOHNSON,CHALLENGER
H0CO03165,LAUREN BOEBERT (CO-03),11904,H0CO03165.jpg,REP,house,LAUREN,BOEBERT,CHALLENGER
H8IL14174,LAUREN UNDERWOOD (IL-14),35590,H8IL14174.jpg,DEM,house,LAUREN,UNDERWOOD,INCUMBENT
H8NY01148,LEE ZELDIN (NY-01),23548,H8NY01148.jpg,REP,house,LEE,ZELDIN,INCUMBENT
S0SC00149,LINDSEY GRAHAM (SC-SEN),385290,S0SC00149.jpg,REP,senate,LINDSEY,GRAHAM,INCUMBENT
H8GA06393,LUCIA MCBATH (GA-06),42652,H8GA06393.jpg,DEM,house,LUCIA,MCBATH,INCUMBENT
H0MI03290,LYNN AFENDOULIS (MI-03),5669,H0MI03290.jpg,REP,house,LYNN,AFENDOULIS,CHALLENGER
H0FL16094,MARGARET GOOD (FL-16),10698,H0FL16094.jpg,DEM,house,MARGARET,GOOD,CHALLENGER
H8FL27185,MARIA SALAZAR (FL-27),18883,H8FL27185.jpg,REP,house,MARIA,SALAZAR,
P00009910,MARIANNE WILLIAMSON (USA),90909,P00009910.jpg,DEM,president,MARIANNE,WILLIAMSON,CHALLENGER
H8IL03102,MARIE NEWMAN (IL-03),29041,H8IL03102.jpg,DEM,house,MARIE,NEWMAN,CHALLENGER
S0AZ00350,MARK KELLY (AZ-SEN),704517,S0AZ00350.jpg,DEM,senate,MARK,KELLY,CHALLENGER
H2WI02124,MARK POCAN (WI-02),15947,H2WI02124.jpg,DEM,house,MARK,POCAN,INCUMBENT
S0NM00124,MARK RONCHETTI (NM-SEN),9131,S0NM00124.jpg,REP,senate,MARK,RONCHETTI,OPEN
S6VA00093,MARK WARNER (VA-SEN),22774,S6VA00093.jpg,DEM,senate,MARK,WARNER,INCUMBENT
S0TN00342,MARQUITA BRADSHAW (TN-SEN),29198,S0TN00342.jpg,DEM,senate,MARQUITA,BRADSHAW,CHALLENGER
S8AZ00221,MARTHA MCSALLY (AZ-SEN),217172,S8AZ00221.jpg,REP,senate,MARTHA,MCSALLY,INCUMBENT
S0TX00233,MARY HEGAR (TX-SEN),454383,S0TX00233.jpg,DEM,senate,MARY,HEGAR,CHALLENGER
H0NH01282,MATT MOWERS (NH-01),10376,H0NH01282.jpg,REP,house,MATT,MOWERS,CHALLENGER
H4MT00050,MATT ROSENDALE (MT-AL),13279,H4MT00050.jpg,REP,house,MATT,ROSENDALE,CHALLENGER
H2PA17079,MATTHEW CARTWRIGHT (PA-08),7231,H2PA17079.jpg,DEM,house,MATTHEW,CARTWRIGHT,INCUMBENT
S0GA00468,MATTHEW LIEBERMAN (GA-SEN),11185,S0GA00468.jpg,DEM,senate,MATTHEW,LIEBERMAN,CHALLENGER
P00011254,MAURICE GRAVEL (USA),26475,P00011254.jpg,DEM,president,MAURICE,GRAVEL,CHALLENGER
H8NY11113,MAX ROSE (NY-11),21955,H8NY11113.jpg,DEM,house,MAX,ROSE,INCUMBENT
H0MD05183,MCKAYLA WILKES (MD-05),8687,H0MD05183.jpg,DEM,house,MCKAYLA,WILKES,CHALLENGER
S0WY00152,MERAV BEN DAVID (WY-SEN),14696,S0WY00152.jpg,DEM,senate,MERAV,BEN DAVID,OPEN
P00011833,MICHAEL BENNET (USA),49551,P00011833.jpg,DEM,president,MICHAEL,BENNET,CHALLENGER
S0KY00321,MICHAEL BROIHIER (KY-SEN),7320,S0KY00321.jpg,DEM,senate,MICHAEL,BROIHIER,CHALLENGER
S8MS00287,MICHAEL ESPY (MS-SEN),183021,S8MS00287.jpg,DEM,senate,MICHAEL,ESPY,CHALLENGER
S0IA00200,MICHAEL FRANKEN (IA-SEN),8332,S0IA00200.jpg,DEM,senate,MICHAEL,FRANKEN,CHALLENGER
H6WI08155,MICHAEL GALLAGHER (WI-08),5106,H6WI08155.jpg,REP,house,MICHAEL,GALLAGHER,INCUMBENT
H0CA25105,MICHAEL GARCIA (CA-25),31638,H0CA25105.jpg,REP,house,MICHAEL,GARCIA,CHALLENGER
H8MS03125,MICHAEL GUEST (MS-03),5456,H8MS03125.jpg,REP,house,MICHAEL,GUEST,INCUMBENT
H4TX10093,MICHAEL MCCAUL (TX-10),13846,H4TX10093.jpg,REP,house,MICHAEL,MCCAUL,INCUMBENT
H8TX10110,MICHAEL SIEGEL (TX-10),28793,H8TX10110.jpg,DEM,house,MICHAEL,SIEGEL,CHALLENGER
H8FL06148,MICHAEL WALTZ (FL-06),7002,H8FL06148.jpg,REP,house,MICHAEL,WALTZ,INCUMBENT
H0NY14346,MICHELLE CARUSO-CABRERA (NY-14),8323,H0NY14346.jpg,DEM,house,MICHELLE,CARUSO-CABRERA,CHALLENGER
H0KS02196,MICHELLE DE LA ISLA (KS-02),6792,H0KS02196.jpg,DEM,house,MICHELLE,DE LA ISLA,CHALLENGER
H0MN07091,MICHELLE FISCHBACH (MN-07),11142,H0MN07091.jpg,REP,house,MICHELLE,FISCHBACH,CHALLENGER
H0CA48198,MICHELLE STEEL (CA-48),19206,H0CA48198.jpg,REP,house,MICHELLE,STEEL,CHALLENGER
H0OH04101,MIKE LARSEN (OH-04),5103,H0OH04101.jpg,DEM,house,MIKE,LARSEN,CHALLENGER
H8CA49058,MIKE LEVIN (CA-49),12984,H8CA49058.jpg,DEM,house,MIKE,LEVIN,INCUMBENT
S4SD00049,MIKE ROUNDS (SD-SEN),6344,S4SD00049.jpg,REP,senate,MIKE,ROUNDS,INCUMBENT
H8NJ11142,MIKIE SHERRILL (NJ-11),16226,H8NJ11142.jpg,DEM,house,MIKIE,SHERRILL,INCUMBENT
S2KY00012,MITCH MCCONNELL (KY-SEN),268296,S2KY00012.jpg,REP,senate,MITCH,MCCONNELL,INCUMBENT
H0NY17174,MONDAIRE JONES (NY-17),26939,H0NY17174.jpg,DEM,house,MONDAIRE,JONES,CHALLENGER
H0OH03103,MORGAN HARPER (OH-03),8448,H0OH03103.jpg,DEM,house,MORGAN,HARPER,CHALLENGER
H0NC11175,MORRIS COL DAVIS (NC-11),16795,H0NC11175.jpg,DEM,house,MORRIS COL,DAVIS,OPEN
H0GA07208,NABILAH ISLAM (GA-07),8354,H0GA07208.jpg,DEM,house,NABILAH,ISLAM,OPEN
H0NY01186,NANCY GOROFF (NY-01),15529,H0NY01186.jpg,DEM,house,NANCY,GOROFF,CHALLENGER
H0SC01394,NANCY MACE (SC-01),22906,H0SC01394.jpg,REP,house,NANCY,MACE,CHALLENGER
H8CA05035,NANCY PELOSI (CA-12),316522,H8CA05035.jpg,DEM,house,NANCY,PELOSI,INCUMBENT
H0VA07158,NICK FREITAS (VA-07),14927,H0VA07158.jpg,REP,house,NICK,FREITAS,CHALLENGER
H0NY11078,NICOLE MALLIOTAKIS (NY-11),12662,H0NY11078.jpg,REP,house,NICOLE,MALLIOTAKIS,CHALLENGER
H0FL18207,PAMELA KEITH (FL-18),10562,H0FL18207.jpg,DEM,house,PAMELA,KEITH,CHALLENGER
H0NC08254,PATRICIA TIMMONS-GOODSON (NC-08),58920,H0NC08254.jpg,DEM,house,PATRICIA,TIMMONS-GOODSON,CHALLENGER
H0MI08141,PAUL JUNGE (MI-08),11058,H0MI08141.jpg,REP,house,PAUL,JUNGE,CHALLENGER
S0ID00180,PAULETTE JORDAN (ID-SEN),18690,S0ID00180.jpg,DEM,senate,PAULETTE,JORDAN,CHALLENGER
H2CA31125,PETE AGUILAR (CA-31),16372,H2CA31125.jpg,DEM,house,PETE,AGUILAR,INCUMBENT
P00010298,PETE BUTTIGIEG (USA),670383,P00010298.jpg,DEM,president,PETE,BUTTIGIEG,CHALLENGER
H6OR04047,PETER DEFAZIO (OR-04),16227,H6OR04047.jpg,DEM,house,PETER,DEFAZIO,INCUMBENT
H6VT00160,PETER WELCH (VT-AL),8947,H6VT00160.jpg,DEM,house,PETER,WELCH,INCUMBENT
H0CA22102,PHIL ARBALLO (CA-22),67436,H0CA22102.jpg,DEM,house,PHIL,ARBALLO,CHALLENGER
H8FL01107,PHILLIP EHR (FL-01),32592,H8FL01107.jpg,DEM,house,PHILLIP,EHR,CHALLENGER
H6WA07458,PRAMILA JAYAPAL (WA-07),19446,H6WA07458.jpg,DEM,house,PRAMILA,JAYAPAL,INCUMBENT
H0VA01235,QASIM RASHID (VA-01),13977,H0VA01235.jpg,DEM,house,QASIM,RASHID,CHALLENGER
H0MN08156,QUINN REABE NYSTROM (MN-08),9041,H0MN08156.jpg,DFL,house,QUINN REABE,NYSTROM,CHALLENGER
H6IL08147,RAJA KRISHNAMOORTHI (IL-08),17153,H6IL08147.jpg,DEM,house,RAJA,KRISHNAMOORTHI,INCUMBENT
S0GA00559,RAPHAEL WARNOCK (GA-SEN),473476,S0GA00559.jpg,DEM,senate,RAPHAEL,WARNOCK,CHALLENGER
H8MI13250,RASHIDA TLAIB (MI-13),90189,H8MI13250.jpg,DEM,house,RASHIDA,TLAIB,INCUMBENT
H2AZ07070,RAUL GRIJALVA (AZ-03),6057,H2AZ07070.jpg,DEM,house,RAUL,GRIJALVA,INCUMBENT
H2CA36439,RAUL RUIZ (CA-36),9176,H2CA36439.jpg,DEM,house,RAUL,RUIZ,INCUMBENT
S6IL00151,RICHARD DURBIN (IL-SEN),19351,S6IL00151.jpg,DEM,senate,RICHARD,DURBIN,INCUMBENT
H2NC08185,RICHARD HUDSON (NC-08),9201,H2NC08185.jpg,REP,house,RICHARD,HUDSON,INCUMBENT
H0GA07273,RICHARD MCCORMICK (GA-07),7400,H0GA07273.jpg,REP,house,RICHARD,MCCORMICK,OPEN
H0PA17115,RICHARD SEAN PARNELL (PA-17),29497,H0PA17115.jpg,REP,house,RICHARD SEAN,PARNELL,CHALLENGER
H0IA02156,RITA HART (IA-02),13541,H0IA02156.jpg,DEM,house,RITA,HART,OPEN
H0NY15160,RITCHIE TORRES (NY-15),13695,H0NY15160.jpg,DEM,house,RITCHIE,TORRES,OPEN
P00010793,ROBERT O'ROURKE (USA),87131,P00010793.jpg,DEM,president,ROBERT,O'ROURKE,CHALLENGER
H2IL13120,RODNEY DAVIS (IL-13),14112,H2IL13120.jpg,REP,house,RODNEY,DAVIS,INCUMBENT
S0KS00315,ROGER MARSHALL (KS-SEN),10759,S0KS00315.jpg,REP,senate,ROGER,MARSHALL,OPEN
H4CA12055,ROHIT KHANNA (CA-17),20161,H4CA12055.jpg,DEM,house,ROHIT,KHANNA,INCUMBENT
H0TX13228,RONNY LYNN JACKSON (TX-13),11688,H0TX13228.jpg,REP,house,RONNY LYNN,JACKSON,OPEN
S0TX00266,ROYCE WEST (TX-SEN),6118,S0TX00266.jpg,DEM,senate,ROYCE,WEST,CHALLENGER
H4AZ07043,RUBEN GALLEGO (AZ-07),8167,H4AZ07043.jpg,DEM,house,RUBEN,GALLEGO,INCUMBENT
H0NY15277,SAMELYS LOPEZ (NY-15),19339,H0NY15277.jpg,DEM,house,SAMELYS,LOPEZ,OPEN
S0ME00111,SARA GIDEON (ME-SEN),694812,S0ME00111.jpg,DEM,senate,SARA,GIDEON,CHALLENGER
H0NY14270,SCHERIE MURRAY (NY-14),11094,H0NY14270.jpg,REP,house,SCHERIE,MURRAY,CHALLENGER
H2PA04135,SCOTT PERRY (PA-10),11432,H2PA04135.jpg,REP,house,SCOTT,PERRY,INCUMBENT
H0VA02118,SCOTT TAYLOR (VA-02),15268,H0VA02118.jpg,REP,house,SCOTT,TAYLOR,
H8IL06139,SEAN CASTEN (IL-06),15291,H8IL06139.jpg,DEM,house,SEAN,CASTEN,INCUMBENT
H2NY22139,SEAN MALONEY (NY-18),9867,H2NY22139.jpg,DEM,house,SEAN,MALONEY,INCUMBENT
H8CA12262,SHAHID BUTTAR (CA-12),30810,H8CA12262.jpg,DEM,house,SHAHID,BUTTAR,CHALLENGER
H0OH04093,SHANNON FRESHOUR (OH-04),28133,H0OH04093.jpg,DEM,house,SHANNON,FRESHOUR,CHALLENGER
H8KS03155,SHARICE DAVIDS (KS-03),20937,H8KS03155.jpg,DEM,house,SHARICE,DAVIDS,INCUMBENT
S4WV00159,SHELLEY CAPITO (WV-SEN),9015,S4WV00159.jpg,REP,senate,SHELLEY,CAPITO,INCUMBENT
H0TX02106,SIMA JANDAGHI LADJEVARDIAN (TX-02),18190,H0TX02106.jpg,DEM,house,SIMA JANDAGHI,LADJEVARDIAN,CHALLENGER
H8TX22313,SRI KULKARNI (TX-22),14129,H8TX22313.jpg,DEM,house,SRI,KULKARNI,CHALLENGER
H8NM02156,STELLA HERRELL (NM-02),11103,H8NM02156.jpg,REP,house,STELLA,HERRELL,CHALLENGER
H0OK05205,STEPHANIE BICE (OK-05),11409,H0OK05205.jpg,REP,house,STEPHANIE,BICE,CHALLENGER
S0MT00173,STEVE BULLOCK (MT-SEN),532842,S0MT00173.jpg,DEM,senate,STEVE,BULLOCK,CHALLENGER
P00011999,STEVE BULLOCK (USA),35978,P00011999.jpg,DEM,president,STEVE,BULLOCK,CHALLENGER
H8OH01043,STEVE CHABOT (OH-01),12541,H8OH01043.jpg,REP,house,STEVE,CHABOT,INCUMBENT
H0LA01087,STEVE SCALISE (LA-01),153886,H0LA01087.jpg,REP,house,STEVE,SCALISE,INCUMBENT
S2MT00096,STEVEN DAINES (MT-SEN),149973,S2MT00096.jpg,REP,senate,STEVEN,DAINES,INCUMBENT
H2NV04011,STEVEN HORSFORD (NV-04),8333,H2NV04011.jpg,DEM,house,STEVEN,HORSFORD,INCUMBENT
H8KS02199,STEVEN WATKINS (KS-02),8492,H8KS02199.jpg,REP,house,STEVEN,WATKINS,INCUMBENT
S6ME00159,SUSAN COLLINS (ME-SEN),85214,S6ME00159.jpg,REP,senate,SUSAN,COLLINS,INCUMBENT
H8PA15229,SUSAN WILD (PA-07),11798,H8PA15229.jpg,DEM,house,SUSAN,WILD,INCUMBENT
H6NV04020,SUSIE LEE (NV-03),9375,H6NV04020.jpg,DEM,house,SUSIE,LEE,INCUMBENT
H8NY21245,TEDRA COBB (NY-21),79115,H8NY21245.jpg,DEM,house,TEDRA,COBB,CHALLENGER
H0NM03102,TERESA LEGER (NM-03),9610,H0NM03102.jpg,DEM,house,TERESA,LEGER,OPEN
S0GA00393,TERESA TOMLINSON (GA-SEN),11171,S0GA00393.jpg,DEM,senate,TERESA,TOMLINSON,CHALLENGER
H8CA10167,TERRANCE COX (CA-21),23510,H8CA10167.jpg,DEM,house,TERRANCE,COX,INCUMBENT
S0IA00176,THERESA GREENFIELD (IA-SEN),555644,S0IA00176.jpg,DEM,senate,THERESA,GREENFIELD,CHALLENGER
S4NC00162,THOM TILLIS (NC-SEN),81774,S4NC00162.jpg,REP,senate,THOM,TILLIS,INCUMBENT
S4AR00103,THOMAS COTTON (AR-SEN),45032,S4AR00103.jpg,REP,senate,THOMAS,COTTON,INCUMBENT
H4MN06087,THOMAS EMMER (MN-06),8704,H4MN06087.jpg,REP,house,THOMAS,EMMER,INCUMBENT
H0NJ07261,THOMAS KEAN (NJ-07),8304,H0NJ07261.jpg,REP,house,THOMAS,KEAN,CHALLENGER
S0AL00230,THOMAS TUBERVILLE (AL-SEN),17526,S0AL00230.jpg,REP,senate,THOMAS,TUBERVILLE,CHALLENGER
P00011338,TIMOTHY RYAN (USA),7384,P00011338.jpg,DEM,president,TIMOTHY,RYAN,CHALLENGER
S8MN00578,TINA SMITH (MN-SEN),53112,S8MN00578.jpg,DEM,senate,TINA,SMITH,CHALLENGER
H8NJ07223,TOM MALINOWSKI (NJ-07),17648,H8NJ07223.jpg,DEM,house,TOM,MALINOWSKI,INCUMBENT
H6AZ01199,TOM O'HALLERAN (AZ-01),6489,H6AZ01199.jpg,DEM,house,TOM,O'HALLERAN,INCUMBENT
P00012716,TOM STEYER (USA),238208,P00012716.jpg,DEM,president,TOM,STEYER,CHALLENGER
H0TX22302,TROY NEHLS (TX-22),5447,H0TX22302.jpg,REP,house,TROY,NEHLS,OPEN
P00009183,TULSI GABBARD (USA),167985,P00009183.jpg,DEM,president,TULSI,GABBARD,CHALLENGER
H0MN02134,TYLER KISTNER (MN-02),6875,H0MN02134.jpg,REP,house,TYLER,KISTNER,CHALLENGER
H0NM03110,VALERIE PLAME (NM-03),35801,H0NM03110.jpg,DEM,house,VALERIE,PLAME,OPEN
H0MO04086,VICKY HARTZLER (MO-04),7630,H0MO04086.jpg,REP,house,VICKY,HARTZLER,INCUMBENT
H8FL15230,VINCENT SPANO (FL-15),6344,H8FL15230.jpg,REP,house,VINCENT,SPANO,INCUMBENT
H4NC05146,VIRGINIA FOXX (NC-05),7664,H4NC05146.jpg,REP,house,VIRGINIA,FOXX,INCUMBENT
H0TX21148,WENDY DAVIS (TX-21),71085,H0TX21148.jpg,DEM,house,WENDY,DAVIS,CHALLENGER
H0TX07170,WESLEY HUNT (TX-07),30418,H0TX07170.jpg,REP,house,WESLEY,HUNT,CHALLENGER
S4LA00107,WILLIAM CASSIDY (LA-SEN),13911,S4LA00107.jpg,REP,senate,WILLIAM,CASSIDY,INCUMBENT
H8NM02248,XOCHITL TORRES SMALL (NM-02),25331,H8NM02248.jpg,DEM,house,XOCHITL,TORRES SMALL,INCUMBENT
H8CA39240,YOUNG KIM (CA-39),42540,H8CA39240.jpg,REP,house,YOUNG,KIM,CHALLENGER